iteration,games,positions,policy_loss,value_loss,param_norm,winrate_vs_random,gate_winrate,elapsed_s,lr,anchor_winrate
1,40,3766,2.73984,0.74753,298.9260,1.0000,-1.0000,54.41,0.005000,-1.0000
2,40,3674,2.78090,0.68473,298.9038,0.9167,-1.0000,54.18,0.005000,-1.0000
3,40,3814,2.80546,0.71529,298.9312,1.0000,-1.0000,55.47,0.005000,-1.0000
4,40,3762,2.84120,0.72857,298.9771,1.0000,-1.0000,55.56,0.005000,-1.0000
5,40,3975,2.83938,0.72827,299.0659,1.0000,0.4000,93.98,0.005000,-1.0000
6,40,3671,2.84152,0.71110,299.1518,0.9167,-1.0000,54.33,0.005000,-1.0000
7,40,3980,2.83302,0.71239,299.2066,1.0000,-1.0000,61.47,0.005000,-1.0000
8,40,3699,2.83794,0.71205,299.3282,1.0000,-1.0000,57.97,0.005000,-1.0000
9,40,3833,2.84132,0.69279,299.4506,1.0000,-1.0000,56.41,0.005000,-1.0000
10,40,3763,2.83897,0.70018,299.4622,1.0000,0.2500,108.32,0.005000,0.3500
11,40,3927,2.84707,0.67709,299.4754,1.0000,-1.0000,57.08,0.005000,-1.0000
12,40,3978,2.81574,0.66738,299.5662,1.0000,-1.0000,50.90,0.005000,-1.0000
