iteration,games,positions,policy_loss,value_loss,param_norm,winrate_vs_random,gate_winrate,elapsed_s,lr,anchor_winrate,selfplay_s,train_s,eval_s
1,200,19168,2.78738,0.72912,298.7964,1.0000,-1.0000,253.48,0.000300,-1.0000,240.65,4.39,8.45
2,200,19046,2.77952,0.73239,298.8151,1.0000,-1.0000,221.34,0.000300,-1.0000,208.49,4.41,8.44
3,200,19336,2.77369,0.70332,298.8190,1.0000,-1.0000,231.49,0.000300,-1.0000,218.55,4.41,8.53
4,200,19293,2.74400,0.70847,298.8211,1.0000,-1.0000,231.18,0.000300,-1.0000,218.50,4.38,8.30
5,200,19176,2.74699,0.67959,298.8300,1.0000,0.5750,289.46,0.000300,-1.0000,220.56,4.37,64.53
6,200,19126,2.74881,0.71334,298.8256,1.0000,-1.0000,223.41,0.000300,-1.0000,210.51,4.43,8.47
7,200,19301,2.74777,0.72303,298.8176,1.0000,-1.0000,225.71,0.000300,-1.0000,212.54,4.46,8.71
8,200,19337,2.74233,0.68959,298.8217,1.0000,-1.0000,231.61,0.000300,-1.0000,218.49,4.39,8.73
9,200,19458,2.73334,0.71864,298.8217,1.0000,-1.0000,236.83,0.000300,-1.0000,224.54,4.39,7.91
10,200,18986,2.74899,0.73231,298.8212,1.0000,0.5000,334.70,0.000300,0.4750,208.49,4.36,121.85
11,200,19115,2.74957,0.69773,298.8227,1.0000,-1.0000,221.64,0.000300,-1.0000,208.70,4.36,8.57
12,200,19080,2.74825,0.68268,298.8295,1.0000,-1.0000,220.53,0.000300,-1.0000,206.81,4.38,9.34
13,200,19284,2.72517,0.68187,298.8213,1.0000,-1.0000,223.85,0.000300,-1.0000,210.74,4.38,8.73
14,200,18866,2.74272,0.68289,298.8152,1.0000,-1.0000,217.44,0.000300,-1.0000,204.76,4.36,8.32
15,200,19194,2.70719,0.73435,298.8111,1.0000,0.4500,281.11,0.000300,-1.0000,210.82,4.40,65.89
16,200,19000,2.71531,0.73632,298.8096,1.0000,-1.0000,224.01,0.000300,-1.0000,210.88,4.39,8.74
17,200,19262,2.72941,0.69605,298.8091,1.0000,-1.0000,226.00,0.000300,-1.0000,212.86,4.38,8.77
18,200,18998,2.73186,0.66323,298.8203,1.0000,-1.0000,221.45,0.000300,-1.0000,208.83,4.37,8.25
19,200,19276,2.73527,0.70908,298.8150,1.0000,-1.0000,221.50,0.000300,-1.0000,208.82,4.38,8.30
20,200,18744,2.74926,0.70602,298.8106,1.0000,0.6250,331.45,0.000300,0.5250,204.79,4.38,122.29
21,200,18711,2.74945,0.68572,298.8013,1.0000,-1.0000,217.95,0.000300,-1.0000,204.81,4.39,8.74
22,200,19363,2.71758,0.70325,298.7890,1.0000,-1.0000,228.12,0.000300,-1.0000,214.83,4.39,8.89
23,200,19264,2.70270,0.72509,298.7841,1.0000,-1.0000,221.91,0.000300,-1.0000,208.86,4.37,8.68
24,200,19130,2.70952,0.72147,298.7862,1.0000,-1.0000,228.27,0.000300,-1.0000,214.86,4.40,9.02
25,200,18891,2.72594,0.68577,298.7851,1.0000,0.5000,269.79,0.000300,-1.0000,202.76,4.39,62.65
26,200,19466,2.70993,0.71144,298.7799,1.0000,-1.0000,235.89,0.000300,-1.0000,222.91,4.37,8.61
27,200,18620,2.71807,0.68170,298.7778,1.0000,-1.0000,211.50,0.000300,-1.0000,198.80,4.35,8.35
28,200,18735,2.73185,0.65768,298.7721,1.0000,-1.0000,217.47,0.000300,-1.0000,204.75,4.35,8.36
29,200,18799,2.71590,0.64975,298.7707,1.0000,-1.0000,213.56,0.000300,-1.0000,200.76,4.39,8.41
30,200,19320,2.68618,0.63121,298.7701,1.0000,0.5500,335.66,0.000270,0.6750,210.88,4.40,120.38
31,200,19041,2.68530,0.67003,298.7752,1.0000,-1.0000,221.70,0.000270,-1.0000,208.80,4.36,8.53
32,200,19453,2.67299,0.70324,298.7720,1.0000,-1.0000,225.62,0.000270,-1.0000,212.85,4.38,8.39
33,200,19078,2.66795,0.70566,298.7634,1.0000,-1.0000,217.53,0.000270,-1.0000,204.79,4.37,8.37
34,200,19246,2.65337,0.70772,298.7664,1.0000,-1.0000,225.78,0.000270,-1.0000,212.78,4.40,8.60
35,200,19325,2.65800,0.66529,298.7779,1.0000,0.6250,284.37,0.000270,-1.0000,212.80,4.38,67.20
36,200,19420,2.64329,0.67843,298.7757,1.0000,-1.0000,230.05,0.000270,-1.0000,216.89,4.38,8.78
37,200,18897,2.66888,0.63420,298.7876,1.0000,-1.0000,217.68,0.000270,-1.0000,204.80,4.38,8.50
38,200,19525,2.67873,0.68307,298.7880,1.0000,-1.0000,227.61,0.000270,-1.0000,214.77,4.38,8.47
39,200,19312,2.64675,0.69426,298.7826,1.0000,-1.0000,225.76,0.000270,-1.0000,212.86,4.38,8.52
40,200,19233,2.65280,0.69052,298.7728,1.0000,0.4750,342.49,0.000270,0.6750,216.89,4.46,121.14
41,200,19129,2.65858,0.66145,298.7732,1.0000,-1.0000,217.71,0.000270,-1.0000,204.78,4.40,8.53
42,200,19292,2.66449,0.64717,298.7723,1.0000,-1.0000,229.88,0.000270,-1.0000,216.91,4.39,8.57
43,200,19306,2.65569,0.66493,298.7711,1.0000,-1.0000,221.50,0.000270,-1.0000,208.81,4.36,8.33
44,200,19593,2.65997,0.66687,298.7661,1.0000,-1.0000,223.62,0.000270,-1.0000,210.78,4.39,8.45
45,200,18866,2.66630,0.68021,298.7608,1.0000,0.5750,273.53,0.000270,-1.0000,202.84,4.40,66.29
46,200,19083,2.65743,0.65326,298.7609,1.0000,-1.0000,224.20,0.000270,-1.0000,210.90,4.38,8.91
47,200,19445,2.64112,0.65131,298.7596,1.0000,-1.0000,221.91,0.000270,-1.0000,208.93,4.38,8.60
48,200,19297,2.62776,0.67592,298.7566,1.0000,-1.0000,223.73,0.000270,-1.0000,210.80,4.39,8.54
49,200,19253,2.63747,0.63051,298.7621,1.0000,-1.0000,221.68,0.000270,-1.0000,208.80,4.35,8.54
50,200,19078,2.63483,0.62695,298.7687,1.0000,0.5250,336.94,0.000270,0.6500,208.82,4.38,123.74
51,200,19085,2.62557,0.63738,298.7689,1.0000,-1.0000,217.59,0.000270,-1.0000,204.83,4.35,8.41
52,200,18944,2.62500,0.65367,298.7634,1.0000,-1.0000,219.95,0.000270,-1.0000,206.82,4.38,8.75
53,200,19106,2.63473,0.66352,298.7573,1.0000,-1.0000,217.50,0.000270,-1.0000,204.82,4.37,8.31
54,200,19214,2.63675,0.69787,298.7468,1.0000,-1.0000,219.97,0.000270,-1.0000,206.84,4.37,8.76
55,200,18999,2.64654,0.68996,298.7465,1.0000,0.6000,279.58,0.000270,-1.0000,208.83,4.39,66.36
56,200,19063,2.63649,0.64397,298.7472,1.0000,-1.0000,221.56,0.000270,-1.0000,208.85,4.38,8.32
57,200,18965,2.64233,0.66279,298.7431,1.0000,-1.0000,217.89,0.000270,-1.0000,204.85,4.38,8.66
58,200,19291,2.62495,0.70719,298.7500,1.0000,-1.0000,227.57,0.000270,-1.0000,214.86,4.40,8.31
59,200,19107,2.65655,0.64217,298.7556,1.0000,-1.0000,220.04,0.000270,-1.0000,206.82,4.36,8.85
60,200,19331,2.63996,0.66615,298.7573,1.0000,0.5750,340.34,0.000243,0.7000,212.85,4.38,123.10
61,200,19223,2.61806,0.64536,298.7569,1.0000,-1.0000,221.63,0.000243,-1.0000,208.82,4.43,8.38
62,200,19045,2.63521,0.64544,298.7505,1.0000,-1.0000,221.41,0.000243,-1.0000,208.87,4.38,8.15
63,200,19060,2.65625,0.65182,298.7537,1.0000,-1.0000,225.68,0.000243,-1.0000,212.85,4.40,8.43
64,200,19024,2.63285,0.60747,298.7541,1.0000,-1.0000,227.77,0.000243,-1.0000,214.84,4.39,8.54
65,200,19065,2.62715,0.62343,298.7575,1.0000,0.5000,281.23,0.000243,-1.0000,212.90,4.38,63.96
66,200,18752,2.60978,0.56614,298.7582,1.0000,-1.0000,217.80,0.000243,-1.0000,204.81,4.39,8.60
67,200,18973,2.62827,0.62027,298.7637,1.0000,-1.0000,222.24,0.000243,-1.0000,208.84,4.40,9.01
68,200,19379,2.60254,0.67574,298.7571,1.0000,-1.0000,227.98,0.000243,-1.0000,214.85,4.38,8.76
69,200,19006,2.62334,0.66763,298.7604,1.0000,-1.0000,219.88,0.000243,-1.0000,206.84,4.38,8.65
70,200,19091,2.61769,0.68040,298.7562,1.0000,0.4250,335.87,0.000243,0.7000,210.93,4.34,120.60
71,200,19142,2.61905,0.70606,298.7634,1.0000,-1.0000,228.27,0.000243,-1.0000,214.82,4.39,9.06
72,200,19121,2.63888,0.65036,298.7644,1.0000,-1.0000,224.19,0.000243,-1.0000,210.81,4.39,9.00
73,200,19318,2.62556,0.68300,298.7605,1.0000,-1.0000,227.69,0.000243,-1.0000,214.85,4.38,8.46
74,200,19231,2.61876,0.65248,298.7618,1.0000,-1.0000,227.86,0.000243,-1.0000,214.88,4.38,8.60
75,200,19212,2.63205,0.64241,298.7545,1.0000,0.5500,284.93,0.000243,-1.0000,210.85,4.37,69.72
76,200,19023,2.63138,0.65503,298.7543,1.0000,-1.0000,222.01,0.000243,-1.0000,208.87,4.39,8.75
77,200,19213,2.63387,0.66311,298.7520,1.0000,-1.0000,220.10,0.000243,-1.0000,206.80,4.38,8.92
78,200,19267,2.62414,0.64112,298.7528,1.0000,-1.0000,221.85,0.000243,-1.0000,208.83,4.40,8.63
79,200,19388,2.60844,0.63190,298.7515,1.0000,-1.0000,221.96,0.000243,-1.0000,208.83,4.39,8.74
80,200,19205,2.61556,0.68321,298.7489,1.0000,0.3750,338.89,0.000243,0.6500,210.86,4.39,123.64
81,200,19103,2.62509,0.62655,298.7501,1.0000,-1.0000,221.63,0.000243,-1.0000,208.83,4.39,8.41
82,200,18817,2.62486,0.63146,298.7511,1.0000,-1.0000,220.04,0.000243,-1.0000,206.84,4.37,8.83
83,200,19115,2.63076,0.64366,298.7536,1.0000,-1.0000,221.23,0.000243,-1.0000,208.81,4.38,8.04
84,200,19332,2.61696,0.64348,298.7567,1.0000,-1.0000,232.10,0.000243,-1.0000,218.91,4.37,8.82
85,200,19075,2.61325,0.64129,298.7556,1.0000,0.4000,273.50,0.000243,-1.0000,204.78,4.38,64.34
86,200,19541,2.61900,0.63224,298.7581,1.0000,-1.0000,231.68,0.000243,-1.0000,218.88,4.38,8.42
87,200,19101,2.61018,0.65644,298.7576,1.0000,-1.0000,219.61,0.000243,-1.0000,206.81,4.39,8.41
88,200,19446,2.60622,0.62473,298.7587,1.0000,-1.0000,229.63,0.000243,-1.0000,216.89,4.38,8.37
89,200,19097,2.60957,0.63849,298.7632,1.0000,-1.0000,219.95,0.000243,-1.0000,206.85,4.37,8.73
90,200,18918,2.61940,0.63553,298.7545,1.0000,0.3750,335.87,0.000219,0.6750,204.85,4.38,126.63
91,200,19178,2.62140,0.63552,298.7860,1.0000,-1.0000,222.13,0.000219,-1.0000,208.78,4.38,8.97
92,200,19232,2.60973,0.65071,298.7961,1.0000,-1.0000,221.71,0.000219,-1.0000,208.83,4.37,8.51
93,200,19176,2.60425,0.66110,298.7950,1.0000,-1.0000,221.36,0.000219,-1.0000,208.92,4.38,8.07
94,200,18888,2.62239,0.63476,298.7968,1.0000,-1.0000,220.14,0.000219,-1.0000,206.73,4.39,9.02
95,200,18906,2.63850,0.62158,298.7958,1.0000,0.5000,276.62,0.000219,-1.0000,206.79,4.36,65.48
96,200,19330,2.60815,0.65624,298.7939,1.0000,-1.0000,228.06,0.000219,-1.0000,214.81,4.36,8.90
97,200,19157,2.60770,0.62927,298.7935,1.0000,-1.0000,223.67,0.000219,-1.0000,210.84,4.36,8.46
98,200,19287,2.60387,0.58719,298.7966,1.0000,-1.0000,227.97,0.000219,-1.0000,214.76,4.39,8.83
99,200,19071,2.60146,0.57611,298.7929,1.0000,-1.0000,218.41,0.000219,-1.0000,204.77,4.39,9.25
100,200,19093,2.59886,0.66790,298.7825,1.0000,0.4250,339.23,0.000219,0.8000,212.83,4.38,122.02
101,200,19386,2.59839,0.69507,298.7781,1.0000,-1.0000,230.34,0.000219,-1.0000,216.94,4.38,9.02
102,200,18814,2.62537,0.68648,298.7836,1.0000,-1.0000,218.28,0.000219,-1.0000,204.81,4.38,9.09
103,200,18859,2.63688,0.67170,298.7881,1.0000,-1.0000,215.65,0.000219,-1.0000,202.81,4.38,8.46
104,200,18853,2.63265,0.64100,298.7887,1.0000,-1.0000,219.39,0.000219,-1.0000,206.76,4.38,8.24
105,200,18904,2.63531,0.63408,298.7931,1.0000,0.6500,278.22,0.000219,-1.0000,204.74,4.36,69.12
106,200,18727,2.64622,0.59947,298.7914,1.0000,-1.0000,221.45,0.000219,-1.0000,208.88,4.37,8.20
107,200,19208,2.63255,0.62083,298.7908,1.0000,-1.0000,223.81,0.000219,-1.0000,210.84,4.39,8.58
108,200,19016,2.62972,0.62159,298.7930,1.0000,-1.0000,227.88,0.000219,-1.0000,214.76,4.38,8.75
109,200,18868,2.60236,0.60207,298.7955,1.0000,-1.0000,219.27,0.000219,-1.0000,206.86,4.38,8.02
110,200,19289,2.58892,0.70510,298.7886,1.0000,0.4750,342.80,0.000219,0.7500,214.75,4.37,123.69
111,200,19167,2.60486,0.68891,298.7839,1.0000,-1.0000,221.69,0.000219,-1.0000,208.83,4.38,8.48
112,200,19494,2.62540,0.66785,298.7863,1.0000,-1.0000,235.70,0.000219,-1.0000,222.89,4.37,8.44
113,200,19110,2.62803,0.67667,298.7873,1.0000,-1.0000,218.23,0.000219,-1.0000,204.77,4.39,9.07
114,200,19193,2.61774,0.67928,298.7859,1.0000,-1.0000,221.50,0.000219,-1.0000,208.83,4.38,8.29
115,200,19266,2.62887,0.64849,298.7877,1.0000,0.4500,284.72,0.000219,-1.0000,212.80,4.37,67.55
116,200,18969,2.65038,0.63541,298.7837,1.0000,-1.0000,222.29,0.000219,-1.0000,208.76,4.38,9.15
117,200,18860,2.63788,0.66073,298.7839,1.0000,-1.0000,215.77,0.000219,-1.0000,202.80,4.39,8.58
118,200,19026,2.60510,0.70490,298.7805,1.0000,-1.0000,225.72,0.000219,-1.0000,212.81,4.38,8.53
119,200,19087,2.62002,0.63552,298.7816,1.0000,-1.0000,217.55,0.000219,-1.0000,204.74,4.38,8.43
120,200,19595,2.60564,0.65537,298.7805,1.0000,0.4000,344.87,0.000197,0.6000,214.82,4.38,125.66
121,200,19169,2.61468,0.64007,298.7843,1.0000,-1.0000,226.10,0.000197,-1.0000,212.84,4.39,8.87
122,200,19015,2.62242,0.62471,298.7820,1.0000,-1.0000,219.37,0.000197,-1.0000,206.78,4.38,8.21
123,200,19310,2.61317,0.58663,298.7760,1.0000,-1.0000,225.41,0.000197,-1.0000,212.89,4.37,8.15
124,200,18830,2.62418,0.64451,298.7754,1.0000,-1.0000,221.93,0.000197,-1.0000,208.80,4.36,8.77
125,200,18849,2.61477,0.62525,298.7825,1.0000,0.4750,281.37,0.000197,-1.0000,210.87,4.38,66.12
126,200,19162,2.61025,0.67547,298.7836,1.0000,-1.0000,226.23,0.000197,-1.0000,212.84,4.38,9.01
127,200,19321,2.60885,0.67362,298.7835,1.0000,-1.0000,231.55,0.000197,-1.0000,218.84,4.37,8.33
128,200,19150,2.63552,0.67422,298.7831,1.0000,-1.0000,223.80,0.000197,-1.0000,210.85,4.38,8.57
129,200,19056,2.63802,0.63509,298.7801,1.0000,-1.0000,217.94,0.000197,-1.0000,204.78,4.38,8.78
130,200,19101,2.62292,0.63933,298.7831,1.0000,0.3500,338.79,0.000197,0.7250,208.80,4.35,125.64
131,200,18995,2.61433,0.60792,298.7889,1.0000,-1.0000,221.87,0.000197,-1.0000,208.82,4.38,8.67
132,200,19356,2.60317,0.64031,298.7854,1.0000,-1.0000,223.69,0.000197,-1.0000,210.88,4.39,8.42
133,200,19190,2.59017,0.67025,298.7887,1.0000,-1.0000,223.77,0.000197,-1.0000,210.84,4.39,8.54
134,200,18934,2.58174,0.64080,298.7862,1.0000,-1.0000,221.94,0.000197,-1.0000,208.78,4.38,8.77
135,200,19418,2.58200,0.66770,298.7878,1.0000,0.6000,288.31,0.000197,-1.0000,214.85,4.40,69.07
136,200,19244,2.60147,0.66815,298.7872,1.0000,-1.0000,227.75,0.000197,-1.0000,214.87,4.38,8.50
137,200,19338,2.60944,0.65261,298.7896,1.0000,-1.0000,221.67,0.000197,-1.0000,208.83,4.39,8.45
138,200,19468,2.60399,0.64085,298.7895,1.0000,-1.0000,225.71,0.000197,-1.0000,212.86,4.38,8.48
139,200,19576,2.61698,0.64696,298.7888,1.0000,-1.0000,229.91,0.000197,-1.0000,216.88,4.38,8.65
140,200,19750,2.60082,0.62540,298.7962,1.0000,0.4500,348.00,0.000197,0.6750,214.83,4.38,128.79
141,200,19700,2.61638,0.67884,298.7965,1.0000,-1.0000,243.90,0.000197,-1.0000,230.60,4.37,8.92
